id,What is your age?,What is your gender?,What is your current major or job field?,What is your current role?,How many years of programming experience do you have?,Languages_Used,Python_Community_Support,Python_Optimization_Challenges,Python_Learning_Challenges,Java_Community_Support,Java_Optimization_Challenges,Java_Learning_Challenges,R_Community_Support,R_Optimization_Challenges,R_Learning_Challenges,Which language do you use most frequently?,  Which language do you prefer for the following tasks?   [Data Science & Machine Learning],  Which language do you prefer for the following tasks?   [Web Development],  Which language do you prefer for the following tasks?   [Mobile App Development],  Which language do you prefer for the following tasks?   [Enterprise Applications],  Which language do you prefer for the following tasks?   [Statistical Analysis],How often do you switch between these languages?,Which language do you perceive as the most efficient for your tasks?,Python_Execution_Speed,R_Execution_Speed,Java_Execution_Speed,Python_Ease_of_Use,R_Ease_of_Use,Java_Ease_of_Use,Python_Documentation,R_Documentation,Java_Documentation,Python_Concurrency_Features,R_Concurrency_Features,Java_Concurrency_Features,Python_Readability,R_Readability,Java_Readability,"How often do you seek help from online resources (e.g., Stack Overflow, official documentation)?",Which language do you think will dominate the job market in the next 5 years?,"If you could only use one of these three languages for all future projects, which would you choose and why?",Thank you for filling out our form! <3,Timestamp,Which language was the easiest for you to learn?,Which language has the most beginner-friendly documentation and learning resources?,"In your field, which language is the most commonly used?",Which language do you believe is most in demand for jobs?,Which language would you recommend for someone entering your industry?,Have you ever contributed to an open-source project in any of these languages?,What do you think is the biggest advantage of your preferred language?,Would you recommend learning another language? Why?,Have you ever had to switch from one of these languages to another due to project requirements? Why?
3.0,18-24,Female,software development professionally using java often,Student,Less than 1 year,Java,Not Applicable,Not Applicable,Not Applicable,5.0,garbage collection overhead is always tricky,initially java's verbose syntax felt really overwhelming and understanding the intricate object oriented concepts took considerable time,Not Applicable,Not Applicable,Not Applicable,All equally,Python,Python,Java,Java,R,3,Java,Not Applicable,Not Applicable,4.0,Not Applicable,Not Applicable,2.0,Not Applicable,Not Applicable,3.0,Not Applicable,Not Applicable,3.0,Not Applicable,Not Applicable,1.0,4,Python,java's my go-to it's versatile and reliable,Not Applicable,Not Applicable,Not Applicable,Not Applicable,Not Applicable,Not Applicable,Not Applicable,Not Applicable,Not Applicable,Not Applicable,Not Applicable
14.0,18-24,Female,software development mainly i work building applications with java its pretty cool stuff though sometimes stressful,Student,1-3 years,Java,Not Applicable,Not Applicable,Not Applicable,3.0,working with java is sometimes slow so i often struggle to find performance bottlenecks in my code,initially the verbose syntax and understanding the class structure were difficult,Not Applicable,Not Applicable,Not Applicable,Java,Python,Python,Java,Python,Python,2,Python,Not Applicable,Not Applicable,3.0,Not Applicable,Not Applicable,2.0,Not Applicable,Not Applicable,4.0,Not Applicable,Not Applicable,4.0,Not Applicable,Not Applicable,2.0,5,Python,java because it's so versatile and i already know it really well plus the large community helps,Not Applicable,Not Applicable,Not Applicable,Not Applicable,Not Applicable,Not Applicable,Not Applicable,Not Applicable,Not Applicable,Not Applicable,Not Applicable
15.0,18-24,Female,software development is my focus i build applications and systems using java for different clients,Student,Less than 1 year,Java,Not Applicable,Not Applicable,Not Applicable,5.0,garbage collection is always a struggle honestly speaking,memorizing the extensive api and grasping the intricacies of object-oriented design presented the most significant hurdles at first,Not Applicable,Not Applicable,Not Applicable,Python,Python,Python,Python,R,R,2,It depends,Not Applicable,Not Applicable,3.0,Not Applicable,Not Applicable,2.0,Not Applicable,Not Applicable,1.0,Not Applicable,Not Applicable,3.0,Not Applicable,Not Applicable,3.0,4,Python,java because i know it best and it's versatile enough to handle most projects i do,Not Applicable,Not Applicable,Not Applicable,Not Applicable,Not Applicable,Not Applicable,Not Applicable,Not Applicable,Not Applicable,Not Applicable,Not Applicable
16.0,18-24,Female,software engineering is my main gig using java for mostly back-end development work right now,Student,Less than 1 year,Java,Not Applicable,Not Applicable,Not Applicable,3.0,garbage collection and memory leaks always make tuning java performance a real headache,okay here's the response:  initially the steep learning curve and understanding the verbose syntax definitely slowed me down,Not Applicable,Not Applicable,Not Applicable,Python,Python,Java,Java,Java,R,4,It depends,Not Applicable,Not Applicable,2.0,Not Applicable,Not Applicable,3.0,Not Applicable,Not Applicable,2.0,Not Applicable,Not Applicable,2.0,Not Applicable,Not Applicable,1.0,2,Python,java definitely its versatility keeps me coming back for most things,Not Applicable,Not Applicable,Not Applicable,Not Applicable,Not Applicable,Not Applicable,Not Applicable,Not Applicable,Not Applicable,Not Applicable,Not Applicable
20.0,18-24,Male,software development is my gig i'm using java a lot and enjoy it mainly working with backend systems right now,Student,Less than 1 year,Java,Not Applicable,Not Applicable,Not Applicable,1.0,garbage collection definitely bites and sometimes figuring out threading issues feels like pulling teeth ugh,the initial setup with all the boilerplate and frameworks seemed pretty overwhelming at first,Not Applicable,Not Applicable,Not Applicable,Java,Python,Java,Java,Python,Java,3,Python,Not Applicable,Not Applicable,4.0,Not Applicable,Not Applicable,1.0,Not Applicable,Not Applicable,1.0,Not Applicable,Not Applicable,3.0,Not Applicable,Not Applicable,4.0,5,Python,java for sure it's just the most versatile and reliable choice for me,Not Applicable,Not Applicable,Not Applicable,Not Applicable,Not Applicable,Not Applicable,Not Applicable,Not Applicable,Not Applicable,Not Applicable,Not Applicable
23.0,18-24,Female,software development is my profession right now i use java daily building applications and solving problems mostly,Student,1-3 years,Java,Not Applicable,Not Applicable,Not Applicable,3.0,garbage collection pauses and memory management plus tuning the jvm itself can really hurt performance,understanding the verbose syntax and the intricacies of the object-oriented paradigm were tough initially.,Not Applicable,Not Applicable,Not Applicable,Python,Python,Python,Java,R,Python,3,Python,Not Applicable,Not Applicable,3.0,Not Applicable,Not Applicable,2.0,Not Applicable,Not Applicable,1.0,Not Applicable,Not Applicable,2.0,Not Applicable,Not Applicable,2.0,4,Python,java i know best obviously,Not Applicable,Not Applicable,Not Applicable,Not Applicable,Not Applicable,Not Applicable,Not Applicable,Not Applicable,Not Applicable,Not Applicable,Not Applicable
28.0,18-24,Female,software engineering mostly java related stuff,Student,1-3 years,Java,Not Applicable,Not Applicable,Not Applicable,4.0,gc tuning and understanding java internals are hard,understanding the complex class structure was difficult really,Not Applicable,Not Applicable,Not Applicable,Python,Java,Java,Python,R,R,5,Python,Not Applicable,Not Applicable,2.0,Not Applicable,Not Applicable,1.0,Not Applicable,Not Applicable,1.0,Not Applicable,Not Applicable,2.0,Not Applicable,Not Applicable,3.0,4,Python,java i guess because it's versatile and i already know it pretty well for diverse projects,Not Applicable,Not Applicable,Not Applicable,Not Applicable,Not Applicable,Not Applicable,Not Applicable,Not Applicable,Not Applicable,Not Applicable,Not Applicable
32.0,18-24,Female,software development is my current gig heavily using java and related technologies within this role,Researcher,7+ years,Java,Not Applicable,Not Applicable,Not Applicable,5.0,garbage collection and memory management always give me trouble,dealing with the verbose syntax and understanding the intricacies of object-oriented design proved tough initially,Not Applicable,Not Applicable,Not Applicable,Python,Python,Python,Python,Java,Java,3,It depends,Not Applicable,Not Applicable,3.0,Not Applicable,Not Applicable,4.0,Not Applicable,Not Applicable,2.0,Not Applicable,Not Applicable,4.0,Not Applicable,Not Applicable,5.0,5,Python,java i guess it's familiar and handles most stuff pretty well for projects i do,Not Applicable,Not Applicable,Not Applicable,Not Applicable,Not Applicable,Not Applicable,Not Applicable,Not Applicable,Not Applicable,Not Applicable,Not Applicable
34.0,18-24,Female,software engineering is what i'm currently doing java is my main tool of course,Student,1-3 years,Java,Not Applicable,Not Applicable,Not Applicable,5.0,garbage collection and understanding the jvm's inner workings always slow things down,"initially, i struggled a lot with understanding object-oriented concepts it took a while to click.",Not Applicable,Not Applicable,Not Applicable,Python,Python,Java,Java,Python,Python,4,Python,Not Applicable,Not Applicable,4.0,Not Applicable,Not Applicable,5.0,Not Applicable,Not Applicable,1.0,Not Applicable,Not Applicable,4.0,Not Applicable,Not Applicable,1.0,4,Python,java it's still most versatile,Not Applicable,Not Applicable,Not Applicable,Not Applicable,Not Applicable,Not Applicable,Not Applicable,Not Applicable,Not Applicable,Not Applicable,Not Applicable
35.0,18-24,Male,software development mostly java based that is what i do currently for a living,Student,Less than 1 year,Java,Not Applicable,Not Applicable,Not Applicable,1.0,garbage collection tuning and understanding jvm behavior is tough sometimes,getting the hang of all those oop concepts and the sheer verbosity initially was tough,Not Applicable,Not Applicable,Not Applicable,Python,Python,Python,Java,Java,Python,2,Python,Not Applicable,Not Applicable,1.0,Not Applicable,Not Applicable,5.0,Not Applicable,Not Applicable,3.0,Not Applicable,Not Applicable,2.0,Not Applicable,Not Applicable,1.0,4,Python,java is my choice its versatility really helps,Not Applicable,Not Applicable,Not Applicable,Not Applicable,Not Applicable,Not Applicable,Not Applicable,Not Applicable,Not Applicable,Not Applicable,Not Applicable
41.0,18-24,Male,software development is my primary gig mostly backend stuff using java so i guess that's my job field,Student,Less than 1 year,Java,Not Applicable,Not Applicable,Not Applicable,5.0,hotspot jvm's quirks and garbage collection overhead can make squeezing every last bit of speed out frustratingly difficult,honestly java's verbose syntax and the steep learning curve of its complex ecosystem initially felt overwhelming for me,Not Applicable,Not Applicable,Not Applicable,Python,Python,Python,Python,Java,Java,3,Python,Not Applicable,Not Applicable,4.0,Not Applicable,Not Applicable,5.0,Not Applicable,Not Applicable,2.0,Not Applicable,Not Applicable,4.0,Not Applicable,Not Applicable,3.0,4,Python,java probably has the best mix of stability and industry support for the long haul that's my pick,Not Applicable,Not Applicable,Not Applicable,Not Applicable,Not Applicable,Not Applicable,Not Applicable,Not Applicable,Not Applicable,Not Applicable,Not Applicable
42.0,18-24,Female,software development i work mostly with java in my day to day tasks building applications and working on diverse projects pretty much all the time,Student,1-3 years,Java,Not Applicable,Not Applicable,Not Applicable,4.0,garbage collection consistently trips me up and figuring out the best way to use threads is always a puzzle for me,dealing with java's verbosity at first felt unnecessarily complicated compared to other languages i've tried,Not Applicable,Not Applicable,Not Applicable,Python,Python,Python,Java,R,Java,3,Python,Not Applicable,Not Applicable,1.0,Not Applicable,Not Applicable,1.0,Not Applicable,Not Applicable,3.0,Not Applicable,Not Applicable,4.0,Not Applicable,Not Applicable,1.0,4,Python,java is versatile and lets me build anything i want,Not Applicable,Not Applicable,Not Applicable,Not Applicable,Not Applicable,Not Applicable,Not Applicable,Not Applicable,Not Applicable,Not Applicable,Not Applicable
44.0,18-24,Male,software engineering is my field right now i primarily work with java for various backend systems and projects,Student,Less than 1 year,Java,Not Applicable,Not Applicable,Not Applicable,5.0,dealing with garbage collection and memory leaks is the biggest pain point with java performance currently,honestly getting used to all the boilerplate code and understanding the class structure was a real struggle at first i'd say,Not Applicable,Not Applicable,Not Applicable,Java,Python,R,Java,Python,R,3,It depends,Not Applicable,Not Applicable,4.0,Not Applicable,Not Applicable,4.0,Not Applicable,Not Applicable,2.0,Not Applicable,Not Applicable,1.0,Not Applicable,Not Applicable,4.0,4,Python,java lets me handle everything,Not Applicable,Not Applicable,Not Applicable,Not Applicable,Not Applicable,Not Applicable,Not Applicable,Not Applicable,Not Applicable,Not Applicable,Not Applicable
49.0,18-24,Female,software development is my current job so naturally i'm working with java doing web applications and backend stuff it's pretty cool,Student,1-3 years,Java,Not Applicable,Not Applicable,Not Applicable,5.0,memory management and garbage collection definitely make java performance tuning pretty tricky sometimes,memory management and understanding the object oriented stuff were the biggest hurdles for me,Not Applicable,Not Applicable,Not Applicable,Python,R,Python,Java,Python,R,1,It depends,Not Applicable,Not Applicable,2.0,Not Applicable,Not Applicable,2.0,Not Applicable,Not Applicable,3.0,Not Applicable,Not Applicable,1.0,Not Applicable,Not Applicable,4.0,4,Python,java its mature robust ecosystem makes it ideal for various projects i prefer,Not Applicable,Not Applicable,Not Applicable,Not Applicable,Not Applicable,Not Applicable,Not Applicable,Not Applicable,Not Applicable,Not Applicable,Not Applicable
52.0,18-24,Male,software engineering is my main focus right now using java for most of my projects and daily work tasks its pretty good.,Student,1-3 years,Java,Not Applicable,Not Applicable,Not Applicable,4.0,here's my response:  garbage collection overhead and understanding the jvm internals can really hinder java performance optimization efforts it's tough,memory management and generics were tough at first,Not Applicable,Not Applicable,Not Applicable,Python,Python,Java,Python,Python,Java,4,Python,Not Applicable,Not Applicable,2.0,Not Applicable,Not Applicable,3.0,Not Applicable,Not Applicable,5.0,Not Applicable,Not Applicable,3.0,Not Applicable,Not Applicable,3.0,4,Python,java i would pick it still for most things i work with its what i know best.,Not Applicable,Not Applicable,Not Applicable,Not Applicable,Not Applicable,Not Applicable,Not Applicable,Not Applicable,Not Applicable,Not Applicable,Not Applicable
57.0,18-24,Female,software engineering currently java is my main focus area,Student,1-3 years,Java,Not Applicable,Not Applicable,Not Applicable,5.0,garbage collection is always a pain and sometimes figuring out the right jvm flags is tricky,dealing with the verbose syntax was tough,Not Applicable,Not Applicable,Not Applicable,Python,Python,Java,Java,Python,Python,2,Python,Not Applicable,Not Applicable,5.0,Not Applicable,Not Applicable,2.0,Not Applicable,Not Applicable,3.0,Not Applicable,Not Applicable,5.0,Not Applicable,Not Applicable,5.0,5,Python,java for everything i guess,Not Applicable,Not Applicable,Not Applicable,Not Applicable,Not Applicable,Not Applicable,Not Applicable,Not Applicable,Not Applicable,Not Applicable,Not Applicable
58.0,18-24,Female,software development is my current work using java primarily these days,Student,1-3 years,Java,Not Applicable,Not Applicable,Not Applicable,1.0,garbage collection and memory management definitely slow things down in java code finding bottlenecks is another tough one.,understanding object-oriented concepts and the verbose syntax was the toughest part,Not Applicable,Not Applicable,Not Applicable,Python,Python,Python,Java,Java,Java,3,It depends,Not Applicable,Not Applicable,2.0,Not Applicable,Not Applicable,4.0,Not Applicable,Not Applicable,1.0,Not Applicable,Not Applicable,3.0,Not Applicable,Not Applicable,3.0,1,R,java all the way its versatility and robust ecosystem are hard to beat plus i know it best,Not Applicable,Not Applicable,Not Applicable,Not Applicable,Not Applicable,Not Applicable,Not Applicable,Not Applicable,Not Applicable,Not Applicable,Not Applicable
62.0,18-24,Female,"currently, i'm working in software development building applications mostly using the java language.",Student,1-3 years,Java,Not Applicable,Not Applicable,Not Applicable,1.0,memory management and garbage collection plus figuring out the right jvm flags are frequent struggles i have,dealing with java's verbosity and the sometimes confusing error messages was hard.,Not Applicable,Not Applicable,Not Applicable,Python,Python,Python,Java,Python,Python,1,It depends,Not Applicable,Not Applicable,2.0,Not Applicable,Not Applicable,2.0,Not Applicable,Not Applicable,3.0,Not Applicable,Not Applicable,5.0,Not Applicable,Not Applicable,2.0,4,Python,java is the safest bet always,Not Applicable,Not Applicable,Not Applicable,Not Applicable,Not Applicable,Not Applicable,Not Applicable,Not Applicable,Not Applicable,Not Applicable,Not Applicable
65.0,18-24,Female,software development using java professionally of course,Student,1-3 years,Java,Not Applicable,Not Applicable,Not Applicable,1.0,memory management and garbage collection tuning definitely cause me some headaches sometimes,memory management was initially quite tricky,Not Applicable,Not Applicable,Not Applicable,Python,Java,Java,Java,Java,R,2,Python,Not Applicable,Not Applicable,4.0,Not Applicable,Not Applicable,3.0,Not Applicable,Not Applicable,4.0,Not Applicable,Not Applicable,5.0,Not Applicable,Not Applicable,1.0,4,Java,java is my clear long-term pick,Not Applicable,Not Applicable,Not Applicable,Not Applicable,Not Applicable,Not Applicable,Not Applicable,Not Applicable,Not Applicable,Not Applicable,Not Applicable
67.0,18-24,Male,software development is my career now using java for most of my coding work lately,Data Scientist,7+ years,Java,Not Applicable,Not Applicable,Not Applicable,1.0,garbage collection is often a pain alongside figuring out the best way to utilize all those threads,the verbosity was a hurdle also understanding all the different libraries at first proved tricky good stuff overall though,Not Applicable,Not Applicable,Not Applicable,Python,R,Python,Python,Python,R,4,It depends,Not Applicable,Not Applicable,4.0,Not Applicable,Not Applicable,5.0,Not Applicable,Not Applicable,2.0,Not Applicable,Not Applicable,5.0,Not Applicable,Not Applicable,1.0,3,Python,java is my pick i guess i'm comfortable and have experience it's a solid choice for most things i do,Not Applicable,Not Applicable,Not Applicable,Not Applicable,Not Applicable,Not Applicable,Not Applicable,Not Applicable,Not Applicable,Not Applicable,Not Applicable
68.0,18-24,Female,software development my primary job involving java and related tech,Student,1-3 years,Java,Not Applicable,Not Applicable,Not Applicable,5.0,garbage collection memory management is always painful,finding the right balance between all the java frameworks was quite a hurdle for me,Not Applicable,Not Applicable,Not Applicable,Python,Java,Python,Java,Java,Python,2,Python,Not Applicable,Not Applicable,3.0,Not Applicable,Not Applicable,2.0,Not Applicable,Not Applicable,4.0,Not Applicable,Not Applicable,2.0,Not Applicable,Not Applicable,3.0,5,Python,java would be my pick i know its ecosystem best and it can handle basically anything so i am sticking with it,Not Applicable,Not Applicable,Not Applicable,Not Applicable,Not Applicable,Not Applicable,Not Applicable,Not Applicable,Not Applicable,Not Applicable,Not Applicable
70.0,18-24,Female,software development is where i'm currently employed for sure,Student,1-3 years,Java,Not Applicable,Not Applicable,Not Applicable,5.0,garbage collection is always a pain alongside dealing with memory leaks and tricky threading issues i would say.,seed: 12642 getting used to the verbose syntax and understanding the class hierarchy was definitely tricky at first,Not Applicable,Not Applicable,Not Applicable,Python,Java,Java,Java,R,Python,3,It depends,Not Applicable,Not Applicable,2.0,Not Applicable,Not Applicable,5.0,Not Applicable,Not Applicable,4.0,Not Applicable,Not Applicable,5.0,Not Applicable,Not Applicable,2.0,3,Python,java i guess its versatility and ecosystem are hard to replace so i'd stick with it for future projects,Not Applicable,Not Applicable,Not Applicable,Not Applicable,Not Applicable,Not Applicable,Not Applicable,Not Applicable,Not Applicable,Not Applicable,Not Applicable
72.0,18-24,Male,software development is my gig i use java for a variety of projects daily for my current role,Student,1-3 years,Java,Not Applicable,Not Applicable,Not Applicable,5.0,managing garbage collection and understanding bytecode optimization are consistently my biggest java performance roadblocks for sure,honestly the steep learning curve and dealing with its verbose syntax were quite difficult at first,Not Applicable,Not Applicable,Not Applicable,Python,Python,Java,Java,Python,Python,2,Python,Not Applicable,Not Applicable,1.0,Not Applicable,Not Applicable,1.0,Not Applicable,Not Applicable,3.0,Not Applicable,Not Applicable,2.0,Not Applicable,Not Applicable,4.0,5,Python,java is the safest bet always honestly,Not Applicable,Not Applicable,Not Applicable,Not Applicable,Not Applicable,Not Applicable,Not Applicable,Not Applicable,Not Applicable,Not Applicable,Not Applicable
78.0,18-24,Male,software development is what i do now mostly java based applications of course,Student,1-3 years,Java,Not Applicable,Not Applicable,Not Applicable,1.0,garbage collection's unpredictable pauses and memory leaks definitely make java performance tuning a struggle sometimes,the verbose syntax and strict typing initially caused me a lot of frustration honestly.,Not Applicable,Not Applicable,Not Applicable,Python,Python,Python,Python,Java,Python,2,Python,Not Applicable,Not Applicable,5.0,Not Applicable,Not Applicable,3.0,Not Applicable,Not Applicable,4.0,Not Applicable,Not Applicable,1.0,Not Applicable,Not Applicable,1.0,2,Java,java i guess familiarity matters and i already know its ins and outs the best.,Not Applicable,Not Applicable,Not Applicable,Not Applicable,Not Applicable,Not Applicable,Not Applicable,Not Applicable,Not Applicable,Not Applicable,Not Applicable
91.0,18-24,Female,software development using java is my everyday thing at the moment,Student,Less than 1 year,Java,Not Applicable,Not Applicable,Not Applicable,4.0,garbage collection and memory management always gives trouble,getting the hang of object-oriented concepts and the overly verbose syntax was pretty tough at first really,Not Applicable,Not Applicable,Not Applicable,Python,Python,Python,Java,Python,R,3,Python,Not Applicable,Not Applicable,4.0,Not Applicable,Not Applicable,3.0,Not Applicable,Not Applicable,5.0,Not Applicable,Not Applicable,5.0,Not Applicable,Not Applicable,4.0,2,Python,java's the pick for me its versatility and strong ecosystem make it a solid foundation for almost anything really,Not Applicable,Not Applicable,Not Applicable,Not Applicable,Not Applicable,Not Applicable,Not Applicable,Not Applicable,Not Applicable,Not Applicable,Not Applicable
96.0,18-24,Female,software development is my current profession for sure,Student,1-3 years,Java,Not Applicable,Not Applicable,Not Applicable,3.0,garbage collection is always a headache and hard to precisely control,understanding object oriented concepts was tough,Not Applicable,Not Applicable,Not Applicable,Python,Java,R,Python,Java,R,2,Python,Not Applicable,Not Applicable,5.0,Not Applicable,Not Applicable,1.0,Not Applicable,Not Applicable,1.0,Not Applicable,Not Applicable,4.0,Not Applicable,Not Applicable,1.0,2,Python,java for sure it's versatile reliable and i know it best,Not Applicable,Not Applicable,Not Applicable,Not Applicable,Not Applicable,Not Applicable,Not Applicable,Not Applicable,Not Applicable,Not Applicable,Not Applicable
104.0,18-24,Male,software development is my current job i use java for most projects at work,Student,1-3 years,Java,Not Applicable,Not Applicable,Not Applicable,1.0,garbage collection is tricky and memory leaks are always a worry,dealing with the verbosity was tough going,Not Applicable,Not Applicable,Not Applicable,Python,Python,Python,Java,Python,R,2,Python,Not Applicable,Not Applicable,4.0,Not Applicable,Not Applicable,1.0,Not Applicable,Not Applicable,1.0,Not Applicable,Not Applicable,2.0,Not Applicable,Not Applicable,4.0,3,Python,java because i already know it best and it seems most versatile for many things,Not Applicable,Not Applicable,Not Applicable,Not Applicable,Not Applicable,Not Applicable,Not Applicable,Not Applicable,Not Applicable,Not Applicable,Not Applicable
111.0,18-24,Female,software development's my gig these days i work with java mostly for web applications and backend systems its pretty interesting honestly.,Student,1-3 years,Java,Not Applicable,Not Applicable,Not Applicable,1.0,jvm intricacies and garbage collection always make java performance tuning a pain,dealing with the boilerplate stuff was a real pain initially,Not Applicable,Not Applicable,Not Applicable,Python,Python,Java,Java,Python,R,2,It depends,Not Applicable,Not Applicable,2.0,Not Applicable,Not Applicable,3.0,Not Applicable,Not Applicable,4.0,Not Applicable,Not Applicable,3.0,Not Applicable,Not Applicable,5.0,4,Python,java's my only choice future projects obviously,Not Applicable,Not Applicable,Not Applicable,Not Applicable,Not Applicable,Not Applicable,Not Applicable,Not Applicable,Not Applicable,Not Applicable,Not Applicable
112.0,18-24,Female,software development my current role revolves around java and all its related technologies i would say,Student,1-3 years,Java,Not Applicable,Not Applicable,Not Applicable,2.0,garbage collection tuning is usually tough,understanding the object-oriented concepts proved tough at first especially the inheritance and polymorphism stuff it took a while,Not Applicable,Not Applicable,Not Applicable,Python,Python,Java,Java,Python,R,2,Python,Not Applicable,Not Applicable,5.0,Not Applicable,Not Applicable,4.0,Not Applicable,Not Applicable,4.0,Not Applicable,Not Applicable,2.0,Not Applicable,Not Applicable,4.0,5,R,java it is still my best choice for projects,Not Applicable,Not Applicable,Not Applicable,Not Applicable,Not Applicable,Not Applicable,Not Applicable,Not Applicable,Not Applicable,Not Applicable,Not Applicable
116.0,18-24,Female,software development is my profession so i work with java mostly though i dabble in other things occasionally,Student,Less than 1 year,Java,Not Applicable,Not Applicable,Not Applicable,1.0,memory management and figuring out those pesky garbage collection pauses often,"okay, here's the response:  dealing with java's verbosity and figuring out the intricacies of its class structure were the biggest hurdles initially for me",Not Applicable,Not Applicable,Not Applicable,Python,R,Python,Java,Java,Python,2,Python,Not Applicable,Not Applicable,4.0,Not Applicable,Not Applicable,5.0,Not Applicable,Not Applicable,5.0,Not Applicable,Not Applicable,1.0,Not Applicable,Not Applicable,5.0,4,Python,java its what i know best and gets the job done efficiently for my needs,Not Applicable,Not Applicable,Not Applicable,Not Applicable,Not Applicable,Not Applicable,Not Applicable,Not Applicable,Not Applicable,Not Applicable,Not Applicable
117.0,18-24,Female,"software development is my profession, i build applications and systems using java mostly right now",Student,1-3 years,Java,Not Applicable,Not Applicable,Not Applicable,1.0,garbage collection and memory management constantly cause performance headaches for me,understanding the object model and memory management took time,Not Applicable,Not Applicable,Not Applicable,Python,Python,Python,Python,Java,R,3,It depends,Not Applicable,Not Applicable,2.0,Not Applicable,Not Applicable,3.0,Not Applicable,Not Applicable,4.0,Not Applicable,Not Applicable,2.0,Not Applicable,Not Applicable,1.0,2,Python,java is just the best option for me,Not Applicable,Not Applicable,Not Applicable,Not Applicable,Not Applicable,Not Applicable,Not Applicable,Not Applicable,Not Applicable,Not Applicable,Not Applicable
120.0,18-24,Female,software development its my current profession for sure,Student,Less than 1 year,Java,Not Applicable,Not Applicable,Not Applicable,1.0,garbage collection and memory leaks always slow things down a bit,dealing with the extensive boilerplate code was honestly pretty tough starting out so many things to write,Not Applicable,Not Applicable,Not Applicable,Python,Java,Java,Java,Java,Python,2,Python,Not Applicable,Not Applicable,3.0,Not Applicable,Not Applicable,5.0,Not Applicable,Not Applicable,3.0,Not Applicable,Not Applicable,2.0,Not Applicable,Not Applicable,4.0,5,Python,java for everything i think,Not Applicable,Not Applicable,Not Applicable,Not Applicable,Not Applicable,Not Applicable,Not Applicable,Not Applicable,Not Applicable,Not Applicable,Not Applicable
133.0,18-24,Female,software development that's the plan for me or if i'm lucky i'll get into a java-focused role somewhere,Student,Less than 1 year,Java,Not Applicable,Not Applicable,Not Applicable,5.0,garbage collection is a constant headache along with figuring out bottlenecks,getting used to the strict syntax and understanding the object-oriented concepts took me a while to grasp initially.,Not Applicable,Not Applicable,Not Applicable,All equally,Python,Python,Java,Java,Python,3,Python,Not Applicable,Not Applicable,5.0,Not Applicable,Not Applicable,3.0,Not Applicable,Not Applicable,2.0,Not Applicable,Not Applicable,4.0,Not Applicable,Not Applicable,3.0,1,Python,java for sure it is my go-to language,Not Applicable,Not Applicable,Not Applicable,Not Applicable,Not Applicable,Not Applicable,Not Applicable,Not Applicable,Not Applicable,Not Applicable,Not Applicable
136.0,18-24,Female,software engineering is the field that currently occupies my time these days using java,Student,1-3 years,Java,Not Applicable,Not Applicable,Not Applicable,5.0,garbage collection and memory management are real performance bottlenecks sometimes,understanding the extensive ecosystem and dealing with verbose syntax was tough initially,Not Applicable,Not Applicable,Not Applicable,All equally,Python,Python,Python,Java,R,2,Python,Not Applicable,Not Applicable,3.0,Not Applicable,Not Applicable,4.0,Not Applicable,Not Applicable,4.0,Not Applicable,Not Applicable,1.0,Not Applicable,Not Applicable,4.0,5,R,java's my pick i'm most comfortable and productive there plus the job market's pretty good so it works out well,Not Applicable,Not Applicable,Not Applicable,Not Applicable,Not Applicable,Not Applicable,Not Applicable,Not Applicable,Not Applicable,Not Applicable,Not Applicable
138.0,18-24,Male,i work as a software engineer mostly in java so my profession is related to computer science and development pretty directly,Student,1-3 years,Java,Not Applicable,Not Applicable,Not Applicable,2.0,garbage collection and understanding the jvm are real headaches often,understanding the verbose syntax was tough,Not Applicable,Not Applicable,Not Applicable,Python,Python,Python,Python,Java,Python,2,Python,Not Applicable,Not Applicable,4.0,Not Applicable,Not Applicable,3.0,Not Applicable,Not Applicable,3.0,Not Applicable,Not Applicable,3.0,Not Applicable,Not Applicable,1.0,1,Python,java's my comfort zone so it's the choice for me i'm familiar and efficient with it already,Not Applicable,Not Applicable,Not Applicable,Not Applicable,Not Applicable,Not Applicable,Not Applicable,Not Applicable,Not Applicable,Not Applicable,Not Applicable
148.0,18-24,Male,software development is where i currently work using java and i'm really enjoying the challenges involved in the field,Student,1-3 years,Java,Not Applicable,Not Applicable,Not Applicable,4.0,garbage collection's pauses and understanding the jvm's behavior often slow down java performance tuning efforts,initial hurdle was definitely understanding the object-oriented concepts then the sheer verbosity was tough sometimes,Not Applicable,Not Applicable,Not Applicable,Python,R,Python,Java,Python,R,4,Python,Not Applicable,Not Applicable,3.0,Not Applicable,Not Applicable,4.0,Not Applicable,Not Applicable,2.0,Not Applicable,Not Applicable,4.0,Not Applicable,Not Applicable,3.0,4,Python,java because its solid reliable and has the tooling i already know,Not Applicable,Not Applicable,Not Applicable,Not Applicable,Not Applicable,Not Applicable,Not Applicable,Not Applicable,Not Applicable,Not Applicable,Not Applicable
151.0,18-24,Male,software development is my focus now,Student,Less than 1 year,Java,Not Applicable,Not Applicable,Not Applicable,1.0,garbage collection is a constant struggle and tuning the jvm feels like a dark art for getting java faster.,dealing with the verbosity and strict syntax initially slowed down my java learning process quite a bit,Not Applicable,Not Applicable,Not Applicable,Python,Python,Python,Java,R,Python,2,It depends,Not Applicable,Not Applicable,3.0,Not Applicable,Not Applicable,3.0,Not Applicable,Not Applicable,2.0,Not Applicable,Not Applicable,5.0,Not Applicable,Not Applicable,5.0,4,Python,java is versatile enough i'd stick with it for everything all future projects easily,Not Applicable,Not Applicable,Not Applicable,Not Applicable,Not Applicable,Not Applicable,Not Applicable,Not Applicable,Not Applicable,Not Applicable,Not Applicable
154.0,18-24,Female,software development specifically using java for most projects lately,Student,7+ years,Java,Not Applicable,Not Applicable,Not Applicable,5.0,garbage collection overhead and memory leaks constantly complicate java performance tuning efforts,the initial setup was really confusing especially the class structure and understanding all the boilerplate code at first,Not Applicable,Not Applicable,Not Applicable,Python,Python,Python,Python,Python,R,3,Python,Not Applicable,Not Applicable,2.0,Not Applicable,Not Applicable,5.0,Not Applicable,Not Applicable,1.0,Not Applicable,Not Applicable,1.0,Not Applicable,Not Applicable,3.0,2,Python,java every time for flexibility and tools,Not Applicable,Not Applicable,Not Applicable,Not Applicable,Not Applicable,Not Applicable,Not Applicable,Not Applicable,Not Applicable,Not Applicable,Not Applicable
156.0,18-24,Female,software development is my current profession mostly,Student,1-3 years,Java,Not Applicable,Not Applicable,Not Applicable,1.0,garbage collection tuning and memory leaks always cause issues,honestly the strict syntax and verbosity slowed my progress down,Not Applicable,Not Applicable,Not Applicable,Python,Python,Python,Java,R,Python,2,Python,Not Applicable,Not Applicable,4.0,Not Applicable,Not Applicable,3.0,Not Applicable,Not Applicable,4.0,Not Applicable,Not Applicable,5.0,Not Applicable,Not Applicable,2.0,3,Python,"java is my solid, reliable go-to",Not Applicable,Not Applicable,Not Applicable,Not Applicable,Not Applicable,Not Applicable,Not Applicable,Not Applicable,Not Applicable,Not Applicable,Not Applicable
157.0,18-24,Female,i'm a software developer right now focused mostly on backend systems using the java language,Student,1-3 years,Java,Not Applicable,Not Applicable,Not Applicable,1.0,garbage collection and memory management definitely cause some headaches sometimes,the initial hurdles for me involved understanding the very specific syntax and grasping object-oriented principles early on.,Not Applicable,Not Applicable,Not Applicable,Java,Python,R,Java,R,Python,3,Python,Not Applicable,Not Applicable,4.0,Not Applicable,Not Applicable,5.0,Not Applicable,Not Applicable,3.0,Not Applicable,Not Applicable,3.0,Not Applicable,Not Applicable,3.0,2,Python,java's my pick for sure it's robust and has amazing job prospects,Not Applicable,Not Applicable,Not Applicable,Not Applicable,Not Applicable,Not Applicable,Not Applicable,Not Applicable,Not Applicable,Not Applicable,Not Applicable
159.0,18-24,Male,software development is my main focus with java being the primary language i work with daily,Student,1-3 years,Java,Not Applicable,Not Applicable,Not Applicable,4.0,garbage collection overhead and memory allocation are consistently my biggest java performance optimization hurdles to overcome i think,understanding object-oriented concepts initially felt tricky especially the complex inheritance stuff it took time,Not Applicable,Not Applicable,Not Applicable,Python,Python,Python,Python,Python,R,1,It depends,Not Applicable,Not Applicable,3.0,Not Applicable,Not Applicable,3.0,Not Applicable,Not Applicable,5.0,Not Applicable,Not Applicable,4.0,Not Applicable,Not Applicable,2.0,4,Python,java its versatility and maturity make it the most sensible choice for me always,Not Applicable,Not Applicable,Not Applicable,Not Applicable,Not Applicable,Not Applicable,Not Applicable,Not Applicable,Not Applicable,Not Applicable,Not Applicable
162.0,18-24,Female,software development is my profession currently i specialize in java primarily though other languages sometimes come into play,Student,Less than 1 year,Java,Not Applicable,Not Applicable,Not Applicable,3.0,seed: 13840 memory management and garbage collection are always tricky plus understanding jvm internals is hard,understanding the object-oriented paradigm and its intricate concepts took quite some time,Not Applicable,Not Applicable,Not Applicable,Python,Python,Java,Java,Python,Python,2,Python,Not Applicable,Not Applicable,5.0,Not Applicable,Not Applicable,3.0,Not Applicable,Not Applicable,1.0,Not Applicable,Not Applicable,4.0,Not Applicable,Not Applicable,3.0,4,Python,java offers the flexibility i need for various project types of course,Not Applicable,Not Applicable,Not Applicable,Not Applicable,Not Applicable,Not Applicable,Not Applicable,Not Applicable,Not Applicable,Not Applicable,Not Applicable
163.0,18-24,Male,software engineering i suppose these days,Student,Less than 1 year,Java,Not Applicable,Not Applicable,Not Applicable,3.0,garbage collection and memory usage are constant struggles,dealing with the verbosity and the steep initial learning curve,Not Applicable,Not Applicable,Not Applicable,Python,Python,Java,Java,Python,Python,2,Python,Not Applicable,Not Applicable,3.0,Not Applicable,Not Applicable,2.0,Not Applicable,Not Applicable,1.0,Not Applicable,Not Applicable,4.0,Not Applicable,Not Applicable,5.0,3,Python,java is the best option because of its versatility and my existing comfort level i guess.,Not Applicable,Not Applicable,Not Applicable,Not Applicable,Not Applicable,Not Applicable,Not Applicable,Not Applicable,Not Applicable,Not Applicable,Not Applicable
172.0,18-24,Female,i'm currently employed as a software engineer and use java regularly for developing applications mostly backend stuff.,Student,1-3 years,Java,Not Applicable,Not Applicable,Not Applicable,3.0,garbage collection is a persistent pain as are excessive object allocations constantly slowing everything down and driving me nuts.,wrapping my head around the rigid syntax and the sheer volume of available libraries was tough going,Not Applicable,Not Applicable,Not Applicable,Python,Python,Java,R,Java,Python,2,Python,Not Applicable,Not Applicable,5.0,Not Applicable,Not Applicable,5.0,Not Applicable,Not Applicable,4.0,Not Applicable,Not Applicable,3.0,Not Applicable,Not Applicable,5.0,3,Python,java is my pick it handles most things well and i know it the best so that's an easy call really,Not Applicable,Not Applicable,Not Applicable,Not Applicable,Not Applicable,Not Applicable,Not Applicable,Not Applicable,Not Applicable,Not Applicable,Not Applicable
174.0,18-24,Female,software development i am using java for my current occupation,Student,1-3 years,Java,Not Applicable,Not Applicable,Not Applicable,5.0,gc tuning and memory leaks are the biggest headaches i encounter.,initial setup was the hardest and remembering all the weird syntax rules definitely took time learning java was a struggle,Not Applicable,Not Applicable,Not Applicable,Python,Java,Java,Python,Java,Python,2,Python,Not Applicable,Not Applicable,5.0,Not Applicable,Not Applicable,5.0,Not Applicable,Not Applicable,3.0,Not Applicable,Not Applicable,3.0,Not Applicable,Not Applicable,4.0,4,R,java's most versatile and reliable for me,Not Applicable,Not Applicable,Not Applicable,Not Applicable,Not Applicable,Not Applicable,Not Applicable,Not Applicable,Not Applicable,Not Applicable,Not Applicable
183.0,18-24,Male,software development is the gig i'm in right now using java mostly for a pretty cool project,Student,1-3 years,Java,Not Applicable,Not Applicable,Not Applicable,3.0,jvm tuning is always a headache memory management can also get really tricky especially in larger projects,the verbose syntax and boilerplate code were annoying,Not Applicable,Not Applicable,Not Applicable,Python,Python,R,Python,Java,Java,2,It depends,Not Applicable,Not Applicable,4.0,Not Applicable,Not Applicable,4.0,Not Applicable,Not Applicable,5.0,Not Applicable,Not Applicable,4.0,Not Applicable,Not Applicable,2.0,5,Python,java probably its versatile and i know it the best so that's definitely the safe bet for me i guess,Not Applicable,Not Applicable,Not Applicable,Not Applicable,Not Applicable,Not Applicable,Not Applicable,Not Applicable,Not Applicable,Not Applicable,Not Applicable
185.0,18-24,Female,software development mostly java these days,Student,1-3 years,Java,Not Applicable,Not Applicable,Not Applicable,3.0,jvm overhead and garbage collection woes,seed: 74153  memory management and understanding the class structure initially tripped me up,Not Applicable,Not Applicable,Not Applicable,Java,Python,Python,Python,Java,R,2,It depends,Not Applicable,Not Applicable,3.0,Not Applicable,Not Applicable,3.0,Not Applicable,Not Applicable,3.0,Not Applicable,Not Applicable,1.0,Not Applicable,Not Applicable,3.0,5,Python,java still feels most versatile for me i'd stick with it,Not Applicable,Not Applicable,Not Applicable,Not Applicable,Not Applicable,Not Applicable,Not Applicable,Not Applicable,Not Applicable,Not Applicable,Not Applicable
186.0,18-24,Male,software development is my main gig working mostly with java these days coding applications,Student,1-3 years,Java,Not Applicable,Not Applicable,Not Applicable,4.0,garbage collection and memory leaks are constant performance headaches i face,understanding object oriented concepts and the syntax was tricky,Not Applicable,Not Applicable,Not Applicable,Java,Java,Python,Python,Python,R,3,It depends,Not Applicable,Not Applicable,2.0,Not Applicable,Not Applicable,2.0,Not Applicable,Not Applicable,2.0,Not Applicable,Not Applicable,3.0,Not Applicable,Not Applicable,4.0,4,Python,java's versatility and my experience make it my only choice,Not Applicable,Not Applicable,Not Applicable,Not Applicable,Not Applicable,Not Applicable,Not Applicable,Not Applicable,Not Applicable,Not Applicable,Not Applicable
195.0,18-24,Male,software development is my current work using mainly java day to day,Student,Less than 1 year,Java,Not Applicable,Not Applicable,Not Applicable,1.0,garbage collection still trips me up sometimes and i am also always fighting memory leaks and overhead from abstractions,figuring out all the classes and inheritance definitely gave me a headache when i was first starting with java,Not Applicable,Not Applicable,Not Applicable,Python,Python,Java,Python,Python,Python,4,It depends,Not Applicable,Not Applicable,3.0,Not Applicable,Not Applicable,5.0,Not Applicable,Not Applicable,2.0,Not Applicable,Not Applicable,5.0,Not Applicable,Not Applicable,1.0,4,Python,java's my pick for everything its versatility is unmatched,Not Applicable,Not Applicable,Not Applicable,Not Applicable,Not Applicable,Not Applicable,Not Applicable,Not Applicable,Not Applicable,Not Applicable,Not Applicable
198.0,18-24,Female,software engineering is my current focus and involves a lot of java programming these days for sure,Student,Less than 1 year,Java,Not Applicable,Not Applicable,Not Applicable,1.0,garbage collection unpredictability and understanding jvm internals are tough areas,memory management and understanding the complex class structure,Not Applicable,Not Applicable,Not Applicable,Java,Python,Java,Java,Java,Python,3,It depends,Not Applicable,Not Applicable,3.0,Not Applicable,Not Applicable,2.0,Not Applicable,Not Applicable,4.0,Not Applicable,Not Applicable,5.0,Not Applicable,Not Applicable,4.0,2,Python,java i'd stick with what i know its versatility is hard to beat honestly,Not Applicable,Not Applicable,Not Applicable,Not Applicable,Not Applicable,Not Applicable,Not Applicable,Not Applicable,Not Applicable,Not Applicable,Not Applicable
200.0,18-24,Female,software engineering i focus on backend development with java it's my bread and butter for now in my career,Student,Less than 1 year,Java,Not Applicable,Not Applicable,Not Applicable,1.0,garbage collection overhead is consistently annoying and tuning the jvm's settings is tricky honestly,that java syntax curve was steep plus figuring out all the nuances of the jvm took a while,Not Applicable,Not Applicable,Not Applicable,Python,Python,Java,Java,Java,Python,2,Python,Not Applicable,Not Applicable,5.0,Not Applicable,Not Applicable,3.0,Not Applicable,Not Applicable,3.0,Not Applicable,Not Applicable,2.0,Not Applicable,Not Applicable,1.0,4,Python,java's stability wins i will always pick it,Not Applicable,Not Applicable,Not Applicable,Not Applicable,Not Applicable,Not Applicable,Not Applicable,Not Applicable,Not Applicable,Not Applicable,Not Applicable
206.0,18-24,Male,software development is my job right now i mostly build backend systems with java day in and day out,Student,1-3 years,Java,Not Applicable,Not Applicable,Not Applicable,3.0,garbage collection hiccups and memory leaks always make java performance tuning a real headache i'd say,seed: 88861 understanding the object-oriented stuff took a good while honestly,Not Applicable,Not Applicable,Not Applicable,Python,Python,Python,Java,R,R,3,It depends,Not Applicable,Not Applicable,3.0,Not Applicable,Not Applicable,2.0,Not Applicable,Not Applicable,4.0,Not Applicable,Not Applicable,2.0,Not Applicable,Not Applicable,1.0,3,Python,i'd stick with java its versatility is unmatched and i'm most comfortable with its ecosystem honestly,Not Applicable,Not Applicable,Not Applicable,Not Applicable,Not Applicable,Not Applicable,Not Applicable,Not Applicable,Not Applicable,Not Applicable,Not Applicable
213.0,18-24,Male,software development is my current job mostly focused on enterprise applications using java as the primary tool,Student,1-3 years,Java,Not Applicable,Not Applicable,Not Applicable,2.0,garbage collection's unpredictability and complex multithreading issues are frequent performance hurdles i see,dealing with java's verbosity and all the boilerplate code was definitely a major hurdle when i started out,Not Applicable,Not Applicable,Not Applicable,Java,Python,Java,Python,Python,Python,2,Python,Not Applicable,Not Applicable,3.0,Not Applicable,Not Applicable,3.0,Not Applicable,Not Applicable,5.0,Not Applicable,Not Applicable,2.0,Not Applicable,Not Applicable,4.0,4,Python,java offers the most job security,Not Applicable,Not Applicable,Not Applicable,Not Applicable,Not Applicable,Not Applicable,Not Applicable,Not Applicable,Not Applicable,Not Applicable,Not Applicable
217.0,18-24,Male,software development for enterprise applications that is what pays the bills currently using java you know,Student,Less than 1 year,Java,Not Applicable,Not Applicable,Not Applicable,4.0,memory management is a constant headache and the jvm can sometimes be unpredictable for tuning performance i'd say,understanding the verbose syntax and the intricacies of object-oriented concepts initially felt overwhelming,Not Applicable,Not Applicable,Not Applicable,Java,R,Python,Java,Python,R,1,R,Not Applicable,Not Applicable,4.0,Not Applicable,Not Applicable,2.0,Not Applicable,Not Applicable,1.0,Not Applicable,Not Applicable,3.0,Not Applicable,Not Applicable,2.0,4,Python,java's versatility suits all my future needs,Not Applicable,Not Applicable,Not Applicable,Not Applicable,Not Applicable,Not Applicable,Not Applicable,Not Applicable,Not Applicable,Not Applicable,Not Applicable
222.0,18-24,Male,software development is my current job i work with java and build applications for several clients its pretty great,Student,7+ years,Java,Not Applicable,Not Applicable,Not Applicable,5.0,garbage collection is always a pain plus the initial jvm startup time is killer,understanding the verbose syntax was the hardest part,Not Applicable,Not Applicable,Not Applicable,Python,Python,Java,Java,Java,Python,3,Python,Not Applicable,Not Applicable,2.0,Not Applicable,Not Applicable,2.0,Not Applicable,Not Applicable,5.0,Not Applicable,Not Applicable,2.0,Not Applicable,Not Applicable,3.0,4,Python,i'd stick with java its versatility and robust ecosystem make it my go-to even with other tempting options,Not Applicable,Not Applicable,Not Applicable,Not Applicable,Not Applicable,Not Applicable,Not Applicable,Not Applicable,Not Applicable,Not Applicable,Not Applicable
223.0,18-24,Female,currently i'm a software developer my work involves primarily back-end systems using java and related technologies,Student,1-3 years,Java,Not Applicable,Not Applicable,Not Applicable,1.0,hotspots behavior sometimes feels mysterious also garbage collection can unexpectedly stall things making it tricky,seed: 48573  honestly the setup was rough and getting all the syntax right felt overwhelming at first plus the error messages were cryptic,Not Applicable,Not Applicable,Not Applicable,Java,Python,Java,Python,R,R,5,Python,Not Applicable,Not Applicable,3.0,Not Applicable,Not Applicable,4.0,Not Applicable,Not Applicable,1.0,Not Applicable,Not Applicable,5.0,Not Applicable,Not Applicable,1.0,4,Python,i'd stick with java its versatile familiar and has a huge ecosystem supporting various development needs no question.,Not Applicable,Not Applicable,Not Applicable,Not Applicable,Not Applicable,Not Applicable,Not Applicable,Not Applicable,Not Applicable,Not Applicable,Not Applicable
228.0,18-24,Female,software development is what i do so i'm a programmer using java mostly building applications that are actually useful,Student,1-3 years,Java,Not Applicable,Not Applicable,Not Applicable,5.0,garbage collection is always a headache and so is dealing with memory leaks ugh,grasping the intricacies of the inheritance and generics was a struggle initially,Not Applicable,Not Applicable,Not Applicable,Python,Python,Java,Python,Python,Python,4,Python,Not Applicable,Not Applicable,1.0,Not Applicable,Not Applicable,3.0,Not Applicable,Not Applicable,4.0,Not Applicable,Not Applicable,4.0,Not Applicable,Not Applicable,5.0,4,Python,java's a solid choice i'd stick with it for versatility and job prospects,Not Applicable,Not Applicable,Not Applicable,Not Applicable,Not Applicable,Not Applicable,Not Applicable,Not Applicable,Not Applicable,Not Applicable,Not Applicable
231.0,18-24,Female,software development that's my gig,Student,1-3 years,Java,Not Applicable,Not Applicable,Not Applicable,3.0,garbage collection's unpredictability and figuring out hotspots in complex java applications are my biggest hurdles,understanding all the class hierarchy was hard,Not Applicable,Not Applicable,Not Applicable,Python,Python,Python,Java,Python,Python,4,Python,Not Applicable,Not Applicable,2.0,Not Applicable,Not Applicable,2.0,Not Applicable,Not Applicable,2.0,Not Applicable,Not Applicable,5.0,Not Applicable,Not Applicable,3.0,5,Python,java for sure its what i know best and gets the job done,Not Applicable,Not Applicable,Not Applicable,Not Applicable,Not Applicable,Not Applicable,Not Applicable,Not Applicable,Not Applicable,Not Applicable,Not Applicable
236.0,18-24,Male,computer science student heavily focused on software development using java,Student,1-3 years,Java,Not Applicable,Not Applicable,Not Applicable,5.0,garbage collection tuning and memory leaks always slow things down sometimes,dealing with the verbose syntax and the intricacies of the class system was hard,Not Applicable,Not Applicable,Not Applicable,Python,Java,Python,Java,Java,R,4,Python,Not Applicable,Not Applicable,2.0,Not Applicable,Not Applicable,1.0,Not Applicable,Not Applicable,1.0,Not Applicable,Not Applicable,4.0,Not Applicable,Not Applicable,2.0,5,Python,java all the way i know it,Not Applicable,Not Applicable,Not Applicable,Not Applicable,Not Applicable,Not Applicable,Not Applicable,Not Applicable,Not Applicable,Not Applicable,Not Applicable
239.0,18-24,Female,software engineering is what i am currently employed in i mostly code in java,Student,1-3 years,Java,Not Applicable,Not Applicable,Not Applicable,3.0,garbage collection overhead and memory leaks really slow things down,okay here's the response:  memory management and understanding the complex class hierarchy were tough java hurdles early on for me,Not Applicable,Not Applicable,Not Applicable,Python,Python,Java,Python,Python,R,2,Python,Not Applicable,Not Applicable,2.0,Not Applicable,Not Applicable,4.0,Not Applicable,Not Applicable,3.0,Not Applicable,Not Applicable,2.0,Not Applicable,Not Applicable,2.0,3,Python,java its my go-to for most things plus the ecosystem is massive and reliable for various projects i'm working on,Not Applicable,Not Applicable,Not Applicable,Not Applicable,Not Applicable,Not Applicable,Not Applicable,Not Applicable,Not Applicable,Not Applicable,Not Applicable
240.0,18-24,Female,software development i mainly use java day to day,Student,Less than 1 year,Java,Not Applicable,Not Applicable,Not Applicable,1.0,garbage collection tuning and understanding the jvm's behavior are often the trickiest hurdles for me honestly,honestly the verbosity and the complex ecosystem were really tough at first,Not Applicable,Not Applicable,Not Applicable,Python,Python,Python,Python,Python,Java,3,Python,Not Applicable,Not Applicable,4.0,Not Applicable,Not Applicable,2.0,Not Applicable,Not Applicable,1.0,Not Applicable,Not Applicable,2.0,Not Applicable,Not Applicable,1.0,3,Python,java because it handles everything and i already know it,Not Applicable,Not Applicable,Not Applicable,Not Applicable,Not Applicable,Not Applicable,Not Applicable,Not Applicable,Not Applicable,Not Applicable,Not Applicable
247.0,18-24,Male,i work in software engineering developing applications a java developer that is what i do right now,Student,7+ years,Java,Not Applicable,Not Applicable,Not Applicable,4.0,garbage collection overhead is often a killer,the initial learning curve felt steep the object-oriented concepts took some time to click and the verbosity was annoying sometimes,Not Applicable,Not Applicable,Not Applicable,All equally,Python,Java,Python,Java,Python,2,Python,Not Applicable,Not Applicable,2.0,Not Applicable,Not Applicable,5.0,Not Applicable,Not Applicable,1.0,Not Applicable,Not Applicable,5.0,Not Applicable,Not Applicable,3.0,4,Python,java is my go-to i know it well and it handles most things i need plus the ecosystem is huge,Not Applicable,Not Applicable,Not Applicable,Not Applicable,Not Applicable,Not Applicable,Not Applicable,Not Applicable,Not Applicable,Not Applicable,Not Applicable
Not Applicable,18-24,Female,Clinical pharmacists ,Student,Less than 1 year,Java,Not Applicable,Not Applicable,Not Applicable,1.0,The biggest challenge in optimizing Java performance is managing memory efficiently while balancing speed,The biggest challenge in learning Java is understanding object-oriented programming concepts,Not Applicable,Not Applicable,Not Applicable,Java,Java,Python,Python,R,R,2,Python,2.0,1.0,4.0,Not Applicable,Not Applicable,Not Applicable,Not Applicable,Not Applicable,Not Applicable,Not Applicable,Not Applicable,Not Applicable,Not Applicable,Not Applicable,Not Applicable,2,Python,Java,Not Applicable,2025/03/09 6:44:15 PM GMT+2,Java,Java,Python,Java,Java,Yes,"The biggest advantage of Java is its platform independencewrite once, run anywhere.","Yes, learning another language is beneficial because it expands problem-solving skills and adaptability.","Yes, switching languages due to project requirements happens when performance, compatibility, or specific frameworks demand it"
Not Applicable,18-24,Female,Medicine ,Student,Less than 1 year,Java,Not Applicable,Not Applicable,Not Applicable,4.0,No,No,Not Applicable,Not Applicable,Not Applicable,Java,Java,R,Java,Java,Python,2,It depends,3.0,4.0,4.0,Not Applicable,Not Applicable,Not Applicable,Not Applicable,Not Applicable,Not Applicable,Not Applicable,Not Applicable,Not Applicable,Not Applicable,Not Applicable,Not Applicable,4,Java,Java,Not Applicable,2025/03/09 7:06:57 PM GMT+2,Java,R,Java,No preference,Depends on the role,Planning to,No,Yes ,Yes
Not Applicable,18-24,Female,Student in veterinary medicine ,Student,Less than 1 year,Java,Not Applicable,Not Applicable,Not Applicable,5.0,Not Applicable,Not Applicable,Not Applicable,Not Applicable,Not Applicable,Java,Not Applicable,Java,Java,R,Java,2,Java,4.0,4.0,5.0,Not Applicable,Not Applicable,Not Applicable,Not Applicable,Not Applicable,Not Applicable,Not Applicable,Not Applicable,Not Applicable,Not Applicable,Not Applicable,Not Applicable,3,Not Applicable,Not Applicable,Not Applicable,2025/03/09 7:34:13 PM GMT+2,Not Applicable,Java,Java,Java,Java,Yes,Not Applicable,Not Applicable,Not Applicable
Not Applicable,18-24,Female,Medical student ,Student,Less than 1 year,Java,Not Applicable,Not Applicable,Not Applicable,5.0,Honestly it was easy for me ,Trying to get every point which was a lot  ,Not Applicable,Not Applicable,Not Applicable,Java,Java,Python,R,R,Java,3,It depends,4.0,3.0,4.0,Not Applicable,Not Applicable,Not Applicable,Not Applicable,Not Applicable,Not Applicable,Not Applicable,Not Applicable,Not Applicable,Not Applicable,Not Applicable,Not Applicable,4,Not Applicable,Not Applicable,Not Applicable,2025/03/09 9:29:42 PM GMT+2,Java,Java,Java,Java,Python,Yes,Not Applicable,Not Applicable,Not Applicable
Not Applicable,18-24,Male,programming,Student,1-3 years,Java,Not Applicable,Not Applicable,Not Applicable,3.0,code writing difficulty,Not Applicable,Not Applicable,Not Applicable,Not Applicable,Python,Python,Python,Python,Python,Python,3,Python,5.0,5.0,3.0,Not Applicable,Not Applicable,Not Applicable,Not Applicable,Not Applicable,Not Applicable,Not Applicable,Not Applicable,Not Applicable,Not Applicable,Not Applicable,Not Applicable,2,Python,Not Applicable,Not Applicable,2025/03/09 10:06:16 PM GMT+2,Python,Python,Python,Python,Python,No,Not Applicable,Not Applicable,Not Applicable
Not Applicable,18-24,Female,Data science ,Student,Less than 1 year,Java,Not Applicable,Not Applicable,Not Applicable,3.0,Resources of practical training ,Problem solving with it,Not Applicable,Not Applicable,Not Applicable,Python,Python,Java,Java,Python,Python,2,It depends,4.0,3.0,3.0,Not Applicable,Not Applicable,Not Applicable,Not Applicable,Not Applicable,Not Applicable,Not Applicable,Not Applicable,Not Applicable,Not Applicable,Not Applicable,Not Applicable,4,Python,Python ,Not Applicable,2025/03/10 12:27:05 AM GMT+2,Python,Python,Python,Python,Java,No,Easy to learn,C++ because it is best for hardware ,Yes due to the type of project 
Not Applicable,25-34,Male,Accounting manager ,Analyst,Less than 1 year,Java,Not Applicable,Not Applicable,Not Applicable,1.0,Not Applicable,Not Applicable,Not Applicable,Not Applicable,Not Applicable,Java,Python,R,Java,Python,Java,1,It depends,1.0,1.0,2.0,Not Applicable,Not Applicable,Not Applicable,Not Applicable,Not Applicable,Not Applicable,Not Applicable,Not Applicable,Not Applicable,Not Applicable,Not Applicable,Not Applicable,3,Python,Not Applicable,Not Applicable,2025/03/10 4:46:01 PM GMT+2,Java,Java,Python,Python,Depends on the role,Yes,Not Applicable,Not Applicable,Not Applicable
Not Applicable,18-24,Female,Computer science ,Student,1-3 years,Java,Not Applicable,Not Applicable,Not Applicable,4.0,There isn't lists ,That it's a low level programming ,Not Applicable,Not Applicable,Not Applicable,Python,Python,Java,Java,Python,R,4,Python,5.0,4.0,3.0,Not Applicable,Not Applicable,Not Applicable,Not Applicable,Not Applicable,Not Applicable,Not Applicable,Not Applicable,Not Applicable,Not Applicable,Not Applicable,Not Applicable,3,Python,Python due to its simplicity ,Not Applicable,2025/03/10 5:07:52 PM GMT+2,Python,Python,Python,Python,Java,No,Fast easy and understandable syntax,Java because it makes you understand programming and computer well,"Yes if it's a project that needs visualization or graphs , python is more useful"
Not Applicable,18-24,Male,..,Student,1-3 years,Java,Not Applicable,Not Applicable,Not Applicable,1.0,Not Applicable,Not Applicable,Not Applicable,Not Applicable,Not Applicable,Python,Python,Not Applicable,Java,Java,Python,5,It depends,1.0,1.0,1.0,Not Applicable,Not Applicable,Not Applicable,Not Applicable,Not Applicable,Not Applicable,Not Applicable,Not Applicable,Not Applicable,Not Applicable,Not Applicable,Not Applicable,1,Not Applicable,Not Applicable,Not Applicable,2025/03/10 5:12:07 PM GMT+2,Python,Python,All equally,No preference,Depends on the role,Yes,Not Applicable,Not Applicable,Not Applicable
Not Applicable,18-24,Female,Computer science ,Student,1-3 years,Java,Not Applicable,Not Applicable,Not Applicable,3.0,Not Applicable,Not Applicable,Not Applicable,Not Applicable,Not Applicable,Python,Python,Not Applicable,Not Applicable,Not Applicable,Python,4,Python,5.0,4.0,3.0,Not Applicable,Not Applicable,Not Applicable,Not Applicable,Not Applicable,Not Applicable,Not Applicable,Not Applicable,Not Applicable,Not Applicable,Not Applicable,Not Applicable,3,Not Applicable,Not Applicable,Not Applicable,2025/03/10 5:12:18 PM GMT+2,Python,Java,Python,Python,Python,No,Not Applicable,Not Applicable,Not Applicable
Not Applicable,18-24,Male,student at botsny/chemistry department-faculty of science-AUE,Student,1-3 years,Java,Not Applicable,Not Applicable,Not Applicable,4.0,memory management - garbage collection,understanding the algorithms,Not Applicable,Not Applicable,Not Applicable,All equally,Python,Java,Java,R,Python,4,It depends,4.0,5.0,4.0,Not Applicable,Not Applicable,Not Applicable,Not Applicable,Not Applicable,Not Applicable,Not Applicable,Not Applicable,Not Applicable,Not Applicable,Not Applicable,Not Applicable,4,Not Applicable,Not Applicable,Not Applicable,2025/03/10 5:57:07 PM GMT+2,Python,Python,Python,Java,Depends on the role,No,Not Applicable,Not Applicable,Not Applicable
Not Applicable,18-24,Female,Student ,Student,1-3 years,Java,Not Applicable,Not Applicable,Not Applicable,2.0,.....,.....,Not Applicable,Not Applicable,Not Applicable,Python,R,Java,Python,Java,Python,2,Java,2.0,3.0,2.0,Not Applicable,Not Applicable,Not Applicable,Not Applicable,Not Applicable,Not Applicable,Not Applicable,Not Applicable,Not Applicable,Not Applicable,Not Applicable,Not Applicable,2,R,......,Not Applicable,2025/03/10 7:54:43 PM GMT+2,Python,Python,Java,Python,R,Yes,......,.......,.......
Not Applicable,18-24,Female,Medical field,Student,Less than 1 year,Java,Not Applicable,Not Applicable,Not Applicable,1.0,Problem ,It take much time,Not Applicable,Not Applicable,Not Applicable,Java,R,R,Java,R,Python,2,R,2.0,2.0,2.0,Not Applicable,Not Applicable,Not Applicable,Not Applicable,Not Applicable,Not Applicable,Not Applicable,Not Applicable,Not Applicable,Not Applicable,Not Applicable,Not Applicable,2,R,Java,Not Applicable,2025/03/10 8:41:00 PM GMT+2,Python,Python,R,No preference,Depends on the role,Yes,It is easy,Yes,No
Not Applicable,18-24,Male,Math Teacher,Student,Less than 1 year,Java,Not Applicable,Not Applicable,Not Applicable,3.0,1. Identifying Performance Bottlenecks 2. Understanding JVM Internals 3. Managing Memory and Garbage Collection 4. Optimizing Multithreading and Concurrency 5. Dealing with External Dependencies and Legacy Code 6. Measuring and Monitoring Performance 7. Balancing Performance and Other Non-Functional Requirements 8. Staying Up-to-Date with JVM and Java Language Evolution 9. Managing Complexity and Technical Debt 10. Communicating Performance Optimization Strategies and Results,1. Understanding Object-Oriented Programming 2. Learning Java Syntax and Semantics 3. Mastering Java Libraries and Frameworks,Not Applicable,Not Applicable,Not Applicable,Python,Java,R,Python,R,Java,3,R,3.0,3.0,3.0,Not Applicable,Not Applicable,Not Applicable,Not Applicable,Not Applicable,Not Applicable,Not Applicable,Not Applicable,Not Applicable,Not Applicable,Not Applicable,Not Applicable,3,Python,"As a conversational AI, I don't have personal preferences or opinions, but I can provide an analysis of the three languages.  If I had to choose one language for all future projects, I would choose *Python*. Here's why:  1. *Versatility*: Python can be used for a wide range of applications, including web development, data analysis, artificial intelligence, scientific computing, and more. 2. *Ease of use*: Python has a simple syntax and is relatively easy to learn, making it a great language for beginners and experienced developers alike. 3. *Large community*: Python has a massive and active community, which means there are many resources available, including libraries, frameworks, and tutorials. 4. *Cross-platform*: Python can run on multiple operating systems, including Windows, macOS, and Linux. 5. *Extensive libraries*: Python has a vast collection of libraries and frameworks that make",Not Applicable,2025/03/11 12:39:37 AM GMT+2,Python,Python,Python,Java,Python,No,"As a conversational AI, I don't have personal preferences, but I can tell you about the advantages of various programming languages.  Here are some biggest advantages of popular programming languages:  1. *Python*: Easy to learn, versatile, and large community support. 2. *Java*: Platform independence, strong security features, and vast ecosystem of libraries. 3. *JavaScript*: Ubiquity in web development, dynamic nature, and extensive use in mobile and desktop applications. 4. *C++*: High performance, control over hardware resources, and reliability.  Each language has its unique strengths, and the choice ultimately depends on the specific needs of a project.","Learning another programming language can be incredibly beneficial. Here's why:  1. *Broadened perspectives*: Learning another language exposes you to new programming paradigms, data structures, and problem-solving approaches. 2. *Improved problem-solving skills*: Familiarity with multiple languages helps you develop a more nuanced understanding of programming concepts and enhances your ability to tackle complex problems. 3. *Enhanced career opportunities*: Knowing multiple languages makes you a more versatile and attractive candidate to potential employers. 4. *Cross-language inspiration*: Learning another language can inspire new ideas and approaches in your primary language. 5. *Staying adaptable in a changing landscape*: The programming landscape is constantly evolving. Learning another language helps you stay adaptable and prepared for new technologies and trends.  When choosing another language to learn, consider:  1. *Your goals*: Align the language with your career aspirations or personal projects. 2. *Similarities and differences*: Choose a language that complements your existing skills or challenges you to think differently. 3. *Community support*: Opt for languages with active communities, extensive documentation, and readily available resources.  Remember, learning another language takes time and dedication. Focus on building a strong foundation, and gradually expand your skills.","As a conversational AI, I don't have personal experiences or work on projects in the classical sense. However, I can provide insights on why developers might need to switch between languages due to project requirements:  1. *Project requirements*: Different projects may require specific languages due to factors like platform, performance, or legacy system integration. 2. *Client or company preferences*: Clients or companies may have specific language preferences or requirements, driving the need for developers to switch. 3. *Legacy system maintenance*: Developers may need to work on legacy systems written in older languages, requiring them to switch. 4. *New technology adoption*: As new technologies emerge, developers may need to switch to languages that better support those technologies. 5. *Team or project constraints*: Team composition, project timelines, or resource constraints may necessitate a language switch.  Developers may need to adapt to new languages due to these factors, which can be challenging but also opportunities for growth and learning."
Not Applicable,18-24,Male,Cyber security ,Student,1-3 years,Java,Not Applicable,Not Applicable,Not Applicable,3.0,Loop,Variable ,Not Applicable,Not Applicable,Not Applicable,Python,Java,Python,Python,Python,R,2,Python,1.0,2.0,2.0,Not Applicable,Not Applicable,Not Applicable,Not Applicable,Not Applicable,Not Applicable,Not Applicable,Not Applicable,Not Applicable,Not Applicable,Not Applicable,Not Applicable,2,Python,R,Not Applicable,2025/03/11 1:06:55 AM GMT+2,R,Java,Java,R,R,Yes,Applying program ,JavaScript ,Yes
Not Applicable,18-24,Female,Data Science,Student,1-3 years,Java,Not Applicable,Not Applicable,Not Applicable,5.0,Not Applicable,Not Applicable,Not Applicable,Not Applicable,Not Applicable,Java,Python,Python,Java,Java,Python,2,It depends,4.0,4.0,4.0,Not Applicable,Not Applicable,Not Applicable,Not Applicable,Not Applicable,Not Applicable,Not Applicable,Not Applicable,Not Applicable,Not Applicable,Not Applicable,Not Applicable,5,Python,Java,Not Applicable,2025/03/11 5:12:44 PM GMT+2,Java,Python,Python,Java,Python,No,Not Applicable,Not Applicable,Not Applicable
